{"stats":{"minecraft:used":{"minecraft:oak_trapdoor":19,"minecraft:oak_fence":56,"minecraft:iron_shovel":255,"minecraft:stone_shovel":112,"minecraft:ladder":3,"minecraft:chest":64,"minecraft:shield":26,"minecraft:iron_sword":226,"minecraft:cooked_salmon":8,"minecraft:cooked_chicken":1,"minecraft:torch":99,"minecraft:dirt":300,"minecraft:cocoa_beans":84,"minecraft:carrot":13,"minecraft:tuff":1,"minecraft:oak_fence_gate":2,"minecraft:iron_hoe":63,"minecraft:iron_axe":108,"minecraft:jungle_log":6,"minecraft:chicken_spawn_egg":1,"minecraft:melon_seeds":9,"minecraft:stone_bricks":160,"minecraft:brown_carpet":3,"minecraft:oak_sapling":4,"minecraft:furnace":2,"minecraft:egg":2,"minecraft:cooked_beef":10,"minecraft:cobbled_deepslate":7,"minecraft:cooked_mutton":2,"minecraft:wheat_seeds":89,"minecraft:acacia_boat":1,"minecraft:water_bucket":29,"minecraft:cobblestone_stairs":14,"minecraft:stone_pickaxe":211,"minecraft:oak_planks":52,"minecraft:wooden_pickaxe":5,"minecraft:sandstone":38,"minecraft:sugar_cane":18,"minecraft:glow_berries":12,"minecraft:sand":104,"minecraft:crafting_table":9,"minecraft:red_bed":1,"minecraft:campfire":1,"minecraft:smoker":1,"minecraft:pumpkin_seeds":8,"minecraft:diamond_pickaxe":64,"minecraft:melon_slice":96,"minecraft:bread":3,"minecraft:iron_pickaxe":661,"minecraft:gravel":4,"minecraft:pink_bed":1,"minecraft:stone_axe":188,"minecraft:cobblestone":193,"minecraft:bucket":29,"minecraft:oak_boat":3,"minecraft:bone_meal":45},"minecraft:picked_up":{"minecraft:seagrass":3,"minecraft:cocoa_beans":173,"minecraft:crafting_table":8,"minecraft:wheat":53,"minecraft:chest_minecart":3,"minecraft:lead":2,"minecraft:wooden_pickaxe":1,"minecraft:chain":11,"minecraft:shield":1,"minecraft:string":14,"minecraft:raw_copper":25,"minecraft:activator_rail":1,"minecraft:cobbled_deepslate":24,"minecraft:beef":16,"minecraft:oak_boat":3,"minecraft:poppy":2,"minecraft:iron_pickaxe":1,"minecraft:melon_slice":152,"minecraft:sugar_cane":56,"minecraft:egg":2,"minecraft:stick":7,"minecraft:raw_iron":29,"minecraft:sandstone":1,"minecraft:copper_ingot":1,"minecraft:oak_fence":8,"minecraft:torch":62,"minecraft:music_disc_11":1,"minecraft:carrot":12,"minecraft:redstone":51,"minecraft:arrow":15,"minecraft:rotten_flesh":38,"minecraft:glow_berries":8,"minecraft:obsidian":1,"minecraft:white_wool":1,"minecraft:rail":36,"minecraft:cobblestone":757,"minecraft:oxeye_daisy":1,"minecraft:magma_block":5,"minecraft:cooked_beef":9,"minecraft:glow_ink_sac":1,"minecraft:salmon":12,"minecraft:brown_wool":2,"minecraft:leather":4,"minecraft:flint":2,"minecraft:tuff":1,"minecraft:oak_log":137,"minecraft:gunpowder":8,"minecraft:acacia_boat":1,"minecraft:lapis_lazuli":77,"minecraft:dirt":375,"minecraft:bone":13,"minecraft:apple":3,"minecraft:stone_bricks":5,"minecraft:bow":1,"minecraft:wheat_seeds":219,"minecraft:raw_gold":15,"minecraft:cooked_chicken":1,"minecraft:stone_pickaxe":1,"minecraft:iron_ingot":5,"minecraft:powered_rail":7,"minecraft:moss_block":9,"minecraft:flowering_azalea":1,"minecraft:pumpkin":28,"minecraft:gravel":7,"minecraft:sand":114,"minecraft:white_bed":2,"minecraft:spider_eye":4,"minecraft:pumpkin_seeds":5,"minecraft:diamond":2,"minecraft:stone_axe":1,"minecraft:golden_apple":1,"minecraft:oak_button":1,"minecraft:bread":3,"minecraft:netherrack":1,"minecraft:oak_sapling":21,"minecraft:melon_seeds":7,"minecraft:coal":65},"minecraft:killed":{"minecraft:cave_spider":3,"minecraft:witch":1,"minecraft:spider":11,"minecraft:skeleton":12,"minecraft:drowned":4,"minecraft:salmon":12,"minecraft:creeper":7,"minecraft:zombie":34,"minecraft:cow":4},"minecraft:custom":{"minecraft:mob_kills":88,"minecraft:animals_bred":26,"minecraft:interact_with_crafting_table":45,"minecraft:interact_with_campfire":3,"minecraft:leave_game":2,"minecraft:time_since_death":203371,"minecraft:climb_one_cm":33509,"minecraft:sprint_one_cm":719022,"minecraft:walk_one_cm":748143,"minecraft:damage_blocked_by_shield":778,"minecraft:drop":24,"minecraft:talked_to_villager":1,"minecraft:sneak_time":3596,"minecraft:play_time":223851,"minecraft:deaths":1,"minecraft:walk_under_water_one_cm":27152,"minecraft:boat_one_cm":103205,"minecraft:jump":4540,"minecraft:walk_on_water_one_cm":32912,"minecraft:total_world_time":223851,"minecraft:interact_with_furnace":55,"minecraft:sleep_in_bed":9,"minecraft:time_since_rest":38525,"minecraft:damage_taken":2535,"minecraft:damage_dealt":15366,"minecraft:swim_one_cm":70785,"minecraft:fly_one_cm":976895,"minecraft:open_chest":158,"minecraft:crouch_one_cm":7404,"minecraft:interact_with_smoker":22,"minecraft:fall_one_cm":128196},"minecraft:broken":{"minecraft:iron_shovel":1,"minecraft:stone_pickaxe":1,"minecraft:stone_axe":2,"minecraft:iron_sword":1,"minecraft:iron_pickaxe":2},"minecraft:dropped":{"minecraft:cooked_beef":7,"minecraft:oak_log":8,"minecraft:golden_apple":1,"minecraft:iron_pickaxe":1,"minecraft:cooked_chicken":1,"minecraft:wheat":15,"minecraft:rotten_flesh":5,"minecraft:oak_planks":2,"minecraft:cooked_mutton":7,"minecraft:gunpowder":2,"minecraft:spider_eye":1},"minecraft:mined":{"minecraft:tuff":2,"minecraft:white_bed":2,"minecraft:deepslate_diamond_ore":2,"minecraft:obsidian":1,"minecraft:cave_vines_plant":4,"minecraft:grass_block":248,"minecraft:moss_block":10,"minecraft:oxeye_daisy":1,"minecraft:sandstone":1,"minecraft:spawner":1,"minecraft:tall_seagrass":7,"minecraft:magma_block":5,"minecraft:carrots":3,"minecraft:iron_ore":4,"minecraft:cobbled_deepslate":1,"minecraft:pumpkin":28,"minecraft:moss_carpet":3,"minecraft:deepslate_lapis_ore":7,"minecraft:big_dripleaf_stem":1,"minecraft:cave_vines":3,"minecraft:deepslate_iron_ore":24,"minecraft:rail":17,"minecraft:azalea":1,"minecraft:stone":599,"minecraft:deepslate_redstone_ore":8,"minecraft:flowering_azalea":1,"minecraft:oak_fence":8,"minecraft:crafting_table":8,"minecraft:torch":5,"minecraft:short_grass":382,"minecraft:melon":31,"minecraft:poppy":2,"minecraft:copper_ore":8,"minecraft:tall_grass":52,"minecraft:cobblestone":136,"minecraft:lapis_ore":5,"minecraft:deepslate_gold_ore":15,"minecraft:sugar_cane":40,"minecraft:wall_torch":8,"minecraft:seagrass":7,"minecraft:chain":13,"minecraft:wheat":66,"minecraft:birch_leaves":1,"minecraft:oak_log":109,"minecraft:coal_ore":47,"minecraft:cocoa":56,"minecraft:gravel":9,"minecraft:sand":114,"minecraft:dirt":101,"minecraft:cobweb":6,"minecraft:netherrack":1,"minecraft:stone_bricks":5,"minecraft:small_dripleaf":1,"minecraft:oak_leaves":44,"minecraft:deepslate":18},"minecraft:killed_by":{"minecraft:skeleton":1},"minecraft:crafted":{"minecraft:oak_planks":308,"minecraft:stone_shovel":1,"minecraft:pink_bed":1,"minecraft:oak_pressure_plate":5,"minecraft:cooked_chicken":1,"minecraft:furnace":3,"minecraft:stone":200,"minecraft:cobblestone_stairs":16,"minecraft:bone_meal":42,"minecraft:pink_dye":2,"minecraft:cooked_mutton":9,"minecraft:oak_trapdoor":12,"minecraft:brown_carpet":3,"minecraft:iron_axe":1,"minecraft:melon_seeds":1,"minecraft:iron_hoe":1,"minecraft:stone_pickaxe":2,"minecraft:chest":10,"minecraft:oak_button":1,"minecraft:stone_bricks":172,"minecraft:oak_fence":45,"minecraft:smoker":1,"minecraft:cooked_beef":8,"minecraft:red_dye":2,"minecraft:crafting_table":3,"minecraft:wooden_pickaxe":1,"minecraft:iron_sword":1,"minecraft:red_bed":1,"minecraft:cooked_salmon":8,"minecraft:bucket":1,"minecraft:pumpkin_seeds":4,"minecraft:campfire":1,"minecraft:stone_axe":2,"minecraft:air":0,"minecraft:oak_fence_gate":2,"minecraft:oak_boat":1,"minecraft:diamond_pickaxe":1,"minecraft:white_dye":1,"minecraft:stick":76,"minecraft:iron_ingot":27,"minecraft:iron_pickaxe":2,"minecraft:sandstone":2,"minecraft:iron_shovel":1,"minecraft:gold_ingot":23,"minecraft:light_gray_dye":1,"minecraft:torch":40,"minecraft:shears":1}},"DataVersion":3953}