{"stats":{"minecraft:used":{"minecraft:wheat_seeds":2,"minecraft:stone_sword":251,"minecraft:stone_shovel":132,"minecraft:stone_pickaxe":131,"minecraft:oak_planks":1,"minecraft:chest":1,"minecraft:blue_bed":6,"minecraft:cooked_chicken":4,"minecraft:rotten_flesh":3,"minecraft:torch":91,"minecraft:dirt":3,"minecraft:crafting_table":7,"minecraft:oak_log":1,"minecraft:chicken":1,"minecraft:bread":2,"minecraft:iron_pickaxe":437,"minecraft:gravel":3,"minecraft:stone_axe":16,"minecraft:cobblestone":79,"minecraft:furnace":3,"minecraft:cooked_porkchop":13,"minecraft:oak_boat":1,"minecraft:cooked_beef":5},"minecraft:picked_up":{"minecraft:crafting_table":9,"minecraft:wheat":15,"minecraft:feather":12,"minecraft:chicken":6,"minecraft:andesite":1,"minecraft:leather":3,"minecraft:flint":15,"minecraft:oak_log":27,"minecraft:string":106,"minecraft:dirt":25,"minecraft:blue_bed":6,"minecraft:raw_copper":16,"minecraft:bone":1,"minecraft:apple":1,"minecraft:wheat_seeds":20,"minecraft:iron_ingot":7,"minecraft:beef":7,"minecraft:cooked_chicken":5,"minecraft:iron_pickaxe":2,"minecraft:furnace":2,"minecraft:egg":2,"minecraft:raw_iron":40,"minecraft:stick":13,"minecraft:cooked_porkchop":11,"minecraft:torch":11,"minecraft:gravel":97,"minecraft:porkchop":16,"minecraft:spruce_sapling":1,"minecraft:diorite":32,"minecraft:grass_block":2,"minecraft:spider_eye":15,"minecraft:mossy_cobblestone":2,"minecraft:stone_sword":1,"minecraft:arrow":2,"minecraft:rotten_flesh":9,"minecraft:granite":2,"minecraft:gray_wool":1,"minecraft:emerald":2,"minecraft:mutton":2,"minecraft:coal":66,"minecraft:white_wool":2,"minecraft:cobblestone":412},"minecraft:killed":{"minecraft:pig":8,"minecraft:spider":36,"minecraft:sheep":1,"minecraft:skeleton":3,"minecraft:zombie":4,"minecraft:chicken":6,"minecraft:cow":4,"minecraft:enderman":2},"minecraft:custom":{"minecraft:interact_with_furnace":38,"minecraft:mob_kills":72,"minecraft:animals_bred":2,"minecraft:interact_with_crafting_table":31,"minecraft:interact_with_campfire":10,"minecraft:leave_game":5,"minecraft:time_since_death":111630,"minecraft:sleep_in_bed":7,"minecraft:climb_one_cm":8823,"minecraft:time_since_rest":34584,"minecraft:sprint_one_cm":274157,"minecraft:damage_taken":1694,"minecraft:walk_one_cm":419897,"minecraft:drop":29,"minecraft:damage_dealt":10165,"minecraft:fly_one_cm":402757,"minecraft:open_chest":30,"minecraft:crouch_one_cm":1747,"minecraft:play_time":147889,"minecraft:deaths":1,"minecraft:sneak_time":588,"minecraft:walk_under_water_one_cm":7267,"minecraft:boat_one_cm":351288,"minecraft:jump":2242,"minecraft:walk_on_water_one_cm":15744,"minecraft:interact_with_smoker":2,"minecraft:total_world_time":147889,"minecraft:fall_one_cm":36986},"minecraft:mined":{"minecraft:mossy_cobblestone":2,"minecraft:crafting_table":7,"minecraft:torch":1,"minecraft:granite":2,"minecraft:short_grass":73,"minecraft:emerald_ore":2,"minecraft:grass_block":17,"minecraft:copper_ore":4,"minecraft:cobblestone":30,"minecraft:spruce_leaves":7,"minecraft:sugar_cane":1,"minecraft:diorite":32,"minecraft:blue_bed":5,"minecraft:wall_torch":10,"minecraft:spawner":1,"minecraft:furnace":3,"minecraft:iron_ore":34,"minecraft:wheat":2,"minecraft:andesite":1,"minecraft:oak_log":14,"minecraft:coal_ore":61,"minecraft:gravel":114,"minecraft:dirt":20,"minecraft:stone":347,"minecraft:oak_leaves":8,"minecraft:fern":1},"minecraft:dropped":{"minecraft:gravel":30,"minecraft:wheat_seeds":12,"minecraft:cobblestone":183,"minecraft:granite":2,"minecraft:dirt":18,"minecraft:diorite":32,"minecraft:andesite":1,"minecraft:string":64},"minecraft:broken":{"minecraft:stone_pickaxe":1,"minecraft:stone_sword":2,"minecraft:iron_pickaxe":1},"minecraft:killed_by":{"minecraft:player":1},"minecraft:crafted":{"minecraft:cooked_beef":7,"minecraft:oak_planks":52,"minecraft:stone_shovel":1,"minecraft:cooked_porkchop":10,"minecraft:crafting_table":1,"minecraft:cooked_chicken":1,"minecraft:furnace":2,"minecraft:blue_bed":1,"minecraft:stone_axe":1,"minecraft:air":0,"minecraft:blue_dye":1,"minecraft:oak_boat":1,"minecraft:iron_chestplate":1,"minecraft:charcoal":1,"minecraft:stick":24,"minecraft:iron_pickaxe":1,"minecraft:iron_ingot":11,"minecraft:stone_pickaxe":1,"minecraft:stone_sword":2,"minecraft:chest":1,"minecraft:iron_leggings":1,"minecraft:white_bed":1,"minecraft:torch":84}},"DataVersion":3953}