{"stats":{"minecraft:used":{"minecraft:flint_and_steel":1,"minecraft:shield":58,"minecraft:iron_sword":87,"minecraft:cooked_chicken":3,"minecraft:torch":31,"minecraft:dirt":2,"minecraft:obsidian":1,"minecraft:wooden_axe":19,"minecraft:iron_axe":58,"minecraft:furnace":2,"minecraft:cooked_beef":10,"minecraft:cobbled_deepslate":19,"minecraft:pumpkin":2,"minecraft:stone_pickaxe":114,"minecraft:oak_planks":2,"minecraft:wooden_pickaxe":18,"minecraft:sandstone":3,"minecraft:golden_apple":2,"minecraft:sand":7,"minecraft:crafting_table":6,"minecraft:white_bed":2,"minecraft:melon_slice":49,"minecraft:map":2,"minecraft:string":1,"minecraft:iron_pickaxe":238,"minecraft:stone_axe":80,"minecraft:nether_wart_block":7,"minecraft:cobblestone":4,"minecraft:cooked_porkchop":3,"minecraft:andesite":1,"minecraft:oak_boat":8},"minecraft:picked_up":{"minecraft:wooden_axe":1,"minecraft:cocoa_beans":9,"minecraft:crafting_table":4,"minecraft:chicken":8,"minecraft:wooden_pickaxe":1,"minecraft:string":6,"minecraft:iron_shovel":1,"minecraft:shroomlight":4,"minecraft:sea_pickle":21,"minecraft:gold_nugget":38,"minecraft:cobbled_deepslate":39,"minecraft:beef":14,"minecraft:oak_boat":8,"minecraft:poppy":1,"minecraft:melon_slice":49,"minecraft:sugar_cane":13,"minecraft:furnace":1,"minecraft:stick":16,"minecraft:raw_iron":29,"minecraft:sandstone":27,"minecraft:torch":1,"minecraft:porkchop":8,"minecraft:redstone":51,"minecraft:prismarine_crystals":3,"minecraft:stone_pressure_plate":1,"minecraft:rotten_flesh":7,"minecraft:cactus":16,"minecraft:weeping_vines":2,"minecraft:mutton":9,"minecraft:white_wool":6,"minecraft:cobblestone":51,"minecraft:magma_block":3,"minecraft:feather":8,"minecraft:cooked_beef":6,"minecraft:crimson_stem":26,"minecraft:jungle_log":6,"minecraft:andesite":1,"minecraft:cut_sandstone":4,"minecraft:leather":6,"minecraft:red_mushroom":7,"minecraft:crimson_fungus":3,"minecraft:tuff":16,"minecraft:oak_log":16,"minecraft:nether_wart_block":14,"minecraft:gunpowder":2,"minecraft:lapis_lazuli":38,"minecraft:dirt":2,"minecraft:bone":3,"minecraft:wheat_seeds":1,"minecraft:raw_gold":8,"minecraft:stone_pickaxe":1,"minecraft:glowstone_dust":50,"minecraft:oak_planks":18,"minecraft:warped_fungus":2,"minecraft:pumpkin":4,"minecraft:quartz":43,"minecraft:sand":13,"minecraft:spider_eye":1,"minecraft:slime_ball":6,"minecraft:diamond":20,"minecraft:stone_axe":1,"minecraft:dead_bubble_coral_block":1,"minecraft:granite":2,"minecraft:golden_apple":1,"minecraft:netherrack":24,"minecraft:coal":39,"minecraft:crimson_roots":14},"minecraft:killed":{"minecraft:armadillo":1,"minecraft:spider":5,"minecraft:slime":6,"minecraft:skeleton":5,"minecraft:chicken":5,"minecraft:husk":1,"minecraft:pig":3,"minecraft:creeper":1,"minecraft:sheep":6,"minecraft:zombie":6,"minecraft:cow":4},"minecraft:custom":{"minecraft:interact_with_smithing_table":1,"minecraft:mob_kills":46,"minecraft:interact_with_crafting_table":29,"minecraft:leave_game":4,"minecraft:time_since_death":139661,"minecraft:climb_one_cm":2832,"minecraft:sprint_one_cm":287728,"minecraft:walk_one_cm":491174,"minecraft:damage_blocked_by_shield":1453,"minecraft:drop":18,"minecraft:play_time":145819,"minecraft:deaths":1,"minecraft:sneak_time":9604,"minecraft:walk_under_water_one_cm":54456,"minecraft:boat_one_cm":612089,"minecraft:jump":2046,"minecraft:walk_on_water_one_cm":46759,"minecraft:total_world_time":145819,"minecraft:interact_with_furnace":41,"minecraft:interact_with_stonecutter":1,"minecraft:sleep_in_bed":1,"minecraft:time_since_rest":91209,"minecraft:damage_taken":2395,"minecraft:damage_dealt":5699,"minecraft:swim_one_cm":91752,"minecraft:fly_one_cm":357175,"minecraft:open_chest":37,"minecraft:crouch_one_cm":10800,"minecraft:interact_with_smoker":9,"minecraft:fall_one_cm":55126},"minecraft:broken":{"minecraft:stone_axe":1,"minecraft:iron_pickaxe":1},"minecraft:mined":{"minecraft:nether_gold_ore":10,"minecraft:tuff":16,"minecraft:deepslate_diamond_ore":20,"minecraft:sea_lantern":1,"minecraft:granite":2,"minecraft:tube_coral_wall_fan":1,"minecraft:grass_block":2,"minecraft:jungle_planks":2,"minecraft:crimson_roots":7,"minecraft:jungle_log":7,"minecraft:bubble_coral_block":1,"minecraft:crimson_fungus":3,"minecraft:red_mushroom":7,"minecraft:sandstone":38,"minecraft:crimson_stem":28,"minecraft:tall_seagrass":1,"minecraft:weeping_vines_plant":2,"minecraft:magma_block":3,"minecraft:glowstone":17,"minecraft:furnace":1,"minecraft:cobbled_deepslate":7,"minecraft:iron_ore":10,"minecraft:fire":1,"minecraft:chiseled_sandstone":1,"minecraft:suspicious_sand":1,"minecraft:pumpkin":4,"minecraft:deepslate_lapis_ore":6,"minecraft:shroomlight":4,"minecraft:deepslate_iron_ore":20,"minecraft:vine":1,"minecraft:brain_coral_wall_fan":1,"minecraft:stone":39,"minecraft:tripwire":1,"minecraft:deepslate_redstone_ore":11,"minecraft:cut_sandstone":7,"minecraft:orange_terracotta":1,"minecraft:crafting_table":4,"minecraft:short_grass":14,"minecraft:poppy":1,"minecraft:melon":11,"minecraft:dead_bush":12,"minecraft:nether_quartz_ore":43,"minecraft:tall_grass":1,"minecraft:deepslate_gold_ore":8,"minecraft:sugar_cane":8,"minecraft:oak_planks":2,"minecraft:seagrass":1,"minecraft:cactus":11,"minecraft:nether_wart_block":19,"minecraft:sea_pickle":8,"minecraft:spruce_log":1,"minecraft:tnt":9,"minecraft:warped_fungus":2,"minecraft:coal_ore":37,"minecraft:oak_log":8,"minecraft:cocoa":3,"minecraft:sand":15,"minecraft:netherrack":24,"minecraft:oak_leaves":5,"minecraft:deepslate":31,"minecraft:fern":1},"minecraft:dropped":{"minecraft:iron_ingot":5,"minecraft:cooked_beef":5,"minecraft:crimson_roots":14,"minecraft:wooden_axe":1,"minecraft:stone_axe":1,"minecraft:shield":1,"minecraft:wooden_pickaxe":1},"minecraft:killed_by":{"minecraft:zombie":1},"minecraft:crafted":{"minecraft:oak_planks":56,"minecraft:cooked_chicken":3,"minecraft:furnace":1,"minecraft:flint_and_steel":1,"minecraft:iron_axe":1,"minecraft:stone_pickaxe":2,"minecraft:cooked_beef":9,"minecraft:cooked_porkchop":3,"minecraft:crafting_table":2,"minecraft:wooden_pickaxe":1,"minecraft:iron_sword":1,"minecraft:stone_axe":1,"minecraft:air":0,"minecraft:oak_boat":1,"minecraft:shield":2,"minecraft:stick":24,"minecraft:iron_ingot":31,"minecraft:iron_pickaxe":1,"minecraft:wooden_axe":1,"minecraft:white_bed":2,"minecraft:torch":32}},"DataVersion":3953}