{"stats":{"minecraft:used":{"minecraft:torch":81,"minecraft:dirt":68,"minecraft:tuff":1,"minecraft:oak_sapling":1,"minecraft:furnace":8,"minecraft:cooked_beef":4,"minecraft:cobbled_deepslate":77,"minecraft:cherry_log":1,"minecraft:cooked_mutton":7,"minecraft:stone_pickaxe":172,"minecraft:wooden_pickaxe":14,"minecraft:diamond_axe":755,"minecraft:crafting_table":8,"minecraft:diamond_pickaxe":1532,"minecraft:bread":41,"minecraft:iron_pickaxe":314,"minecraft:stone_axe":52,"minecraft:cobblestone":3,"minecraft:cooked_porkchop":17},"minecraft:picked_up":{"minecraft:cocoa_beans":5,"minecraft:charcoal":1,"minecraft:crafting_table":4,"minecraft:ominous_bottle":4,"minecraft:gold_block":1,"minecraft:cobbled_deepslate":716,"minecraft:beef":86,"minecraft:iron_pickaxe":1,"minecraft:sugar_cane":206,"minecraft:furnace":4,"minecraft:raw_iron":20,"minecraft:stick":1,"minecraft:torch":25,"minecraft:porkchop":130,"minecraft:cherry_log":52,"minecraft:diorite":42,"minecraft:carrot":1,"minecraft:redstone":307,"minecraft:orange_bed":1,"minecraft:arrow":3,"minecraft:rotten_flesh":6,"minecraft:hay_block":18,"minecraft:mutton":51,"minecraft:cobblestone":215,"minecraft:white_wool":19,"minecraft:birch_log":7,"minecraft:leather":91,"minecraft:brown_wool":1,"minecraft:tuff":64,"minecraft:oak_log":30,"minecraft:gunpowder":2,"minecraft:lapis_lazuli":45,"minecraft:dirt":73,"minecraft:white_banner":5,"minecraft:cooked_mutton":7,"minecraft:bone":13,"minecraft:wheat_seeds":5,"minecraft:raw_gold":22,"minecraft:iron_ingot":2,"minecraft:stone_pickaxe":1,"minecraft:rabbit":1,"minecraft:bamboo":11,"minecraft:gravel":38,"minecraft:sand":20,"minecraft:diamond":57,"minecraft:granite":2,"minecraft:crossbow":1,"minecraft:cherry_sapling":14,"minecraft:oak_sapling":4,"minecraft:coal":95,"minecraft:diamond_pickaxe":1},"minecraft:killed":{"minecraft:armadillo":8,"minecraft:witch":1,"minecraft:horse":21,"minecraft:skeleton":9,"minecraft:husk":2,"minecraft:pig":38,"minecraft:creeper":2,"minecraft:sheep":37,"minecraft:pillager":73,"minecraft:donkey":3,"minecraft:zombie":7,"minecraft:cow":53},"minecraft:custom":{"minecraft:mob_kills":266,"minecraft:animals_bred":2,"minecraft:interact_with_crafting_table":13,"minecraft:leave_game":9,"minecraft:time_since_death":171402,"minecraft:climb_one_cm":4335,"minecraft:sprint_one_cm":562978,"minecraft:walk_one_cm":243171,"minecraft:drop":43,"minecraft:talked_to_villager":20,"minecraft:play_time":171402,"minecraft:sneak_time":32598,"minecraft:walk_under_water_one_cm":2730,"minecraft:jump":4986,"minecraft:interact_with_blast_furnace":1,"minecraft:walk_on_water_one_cm":24126,"minecraft:total_world_time":171402,"minecraft:interact_with_furnace":21,"minecraft:sleep_in_bed":2,"minecraft:time_since_rest":68818,"minecraft:damage_taken":2864,"minecraft:damage_dealt":41168,"minecraft:swim_one_cm":67611,"minecraft:player_kills":1,"minecraft:fly_one_cm":1112514,"minecraft:open_chest":15,"minecraft:crouch_one_cm":73625,"minecraft:fall_one_cm":145801},"minecraft:broken":{"minecraft:iron_pickaxe":1},"minecraft:dropped":{"minecraft:wheat_seeds":5,"minecraft:oak_log":4,"minecraft:diamond":1,"minecraft:cobblestone":107,"minecraft:leather":2,"minecraft:granite":2,"minecraft:stick":3,"minecraft:dirt":5,"minecraft:diorite":42,"minecraft:rabbit":1,"minecraft:brown_wool":1,"minecraft:iron_pickaxe":1,"minecraft:white_wool":19,"minecraft:redstone":6,"minecraft:gravel":38,"minecraft:stone_axe":1,"minecraft:cobbled_deepslate":590,"minecraft:cocoa_beans":5,"minecraft:rotten_flesh":4,"minecraft:oak_planks":1,"minecraft:gunpowder":2,"minecraft:diamond_pickaxe":2,"minecraft:oak_sapling":3,"minecraft:arrow":3,"minecraft:stone_pickaxe":3,"minecraft:wooden_pickaxe":1},"minecraft:mined":{"minecraft:tuff":66,"minecraft:deepslate_diamond_ore":56,"minecraft:cherry_log":52,"minecraft:granite":2,"minecraft:dark_oak_fence":3,"minecraft:grass_block":15,"minecraft:sandstone":4,"minecraft:hay_block":18,"minecraft:magma_block":13,"minecraft:furnace":4,"minecraft:iron_ore":13,"minecraft:deepslate_lapis_ore":6,"minecraft:gold_block":1,"minecraft:deepslate_iron_ore":7,"minecraft:bamboo":1,"minecraft:stone":215,"minecraft:orange_bed":1,"minecraft:deepslate_redstone_ore":68,"minecraft:crafting_table":4,"minecraft:torch":9,"minecraft:short_grass":55,"minecraft:tall_grass":20,"minecraft:deepslate_gold_ore":22,"minecraft:sugar_cane":111,"minecraft:diorite":21,"minecraft:wall_torch":17,"minecraft:birch_log":7,"minecraft:birch_leaves":3,"minecraft:oak_log":30,"minecraft:coal_ore":82,"minecraft:sunflower":1,"minecraft:cherry_leaves":8,"minecraft:dirt":18,"minecraft:acacia_fence":1,"minecraft:sand":18,"minecraft:gravel":9,"minecraft:netherrack":98,"minecraft:fern":1,"minecraft:oak_leaves":11,"minecraft:deepslate":1278},"minecraft:crafted":{"minecraft:oak_planks":52,"minecraft:furnace":4,"minecraft:diamond_helmet":1,"minecraft:diamond_leggings":1,"minecraft:stone_pickaxe":2,"minecraft:diamond_boots":1,"minecraft:redstone_block":34,"minecraft:wheat":162,"minecraft:cooked_beef":4,"minecraft:cooked_porkchop":17,"minecraft:diamond_axe":1,"minecraft:crafting_table":5,"minecraft:wooden_pickaxe":1,"minecraft:stone_axe":1,"minecraft:bread":54,"minecraft:air":0,"minecraft:charcoal":15,"minecraft:diamond_pickaxe":1,"minecraft:stick":32,"minecraft:iron_ingot":6,"minecraft:iron_pickaxe":2,"minecraft:torch":56,"minecraft:diamond_chestplate":1}},"DataVersion":3953}